itemID,itemName
1,minecraft:acacia_planks
2,minecraft:acacia_boat
3,minecraft:acacia_button
4,minecraft:chest
5,minecraft:acacia_chest_boat
6,minecraft:acacia_door
7,minecraft:stick
8,minecraft:acacia_fence
9,minecraft:acacia_fence_gate
10,minecraft:stripped_acacia_log
11,minecraft:iron_chain
12,minecraft:acacia_hanging_sign
13,#minecraft:acacia_logs
14,minecraft:acacia_pressure_plate
15,minecraft:acacia_shelf
16,minecraft:acacia_sign
17,minecraft:acacia_slab
18,minecraft:acacia_stairs
19,minecraft:acacia_trapdoor
20,minecraft:acacia_log
21,minecraft:acacia_wood
22,minecraft:redstone_torch
23,minecraft:iron_ingot
24,minecraft:activator_rail
25,minecraft:amethyst_shard
26,minecraft:amethyst_block
27,minecraft:diorite
28,minecraft:cobblestone
29,minecraft:andesite
30,minecraft:andesite_slab
31,minecraft:andesite_stairs
32,minecraft:andesite_wall
33,minecraft:smooth_stone_slab
34,minecraft:armor_stand
35,minecraft:flint
36,minecraft:feather
37,minecraft:arrow
38,minecraft:potato
39,minecraft:baked_potato
40,minecraft:bamboo
41,minecraft:bamboo_block
42,minecraft:bamboo_planks
43,minecraft:bamboo_button
44,minecraft:bamboo_raft
45,minecraft:bamboo_chest_raft
46,minecraft:bamboo_door
47,minecraft:bamboo_fence
48,minecraft:bamboo_fence_gate
49,minecraft:stripped_bamboo_block
50,minecraft:bamboo_hanging_sign
51,minecraft:bamboo_slab
52,minecraft:bamboo_mosaic
53,minecraft:bamboo_mosaic_slab
54,minecraft:bamboo_mosaic_stairs
55,#minecraft:bamboo_blocks
56,minecraft:bamboo_pressure_plate
57,minecraft:bamboo_shelf
58,minecraft:bamboo_sign
59,minecraft:bamboo_stairs
60,minecraft:bamboo_trapdoor
61,#minecraft:planks
62,#minecraft:wooden_slabs
63,minecraft:barrel
64,minecraft:glass
65,minecraft:obsidian
66,minecraft:nether_star
67,minecraft:beacon
68,minecraft:honeycomb
69,minecraft:beehive
70,minecraft:bowl
71,minecraft:beetroot
72,minecraft:beetroot_soup
73,minecraft:birch_planks
74,minecraft:birch_boat
75,minecraft:birch_button
76,minecraft:birch_chest_boat
77,minecraft:birch_door
78,minecraft:birch_fence
79,minecraft:birch_fence_gate
80,minecraft:stripped_birch_log
81,minecraft:birch_hanging_sign
82,#minecraft:birch_logs
83,minecraft:birch_pressure_plate
84,minecraft:birch_shelf
85,minecraft:birch_sign
86,minecraft:birch_slab
87,minecraft:birch_stairs
88,minecraft:birch_trapdoor
89,minecraft:birch_log
90,minecraft:birch_wood
91,minecraft:blackstone
92,minecraft:blackstone_slab
93,minecraft:blackstone_stairs
94,minecraft:blackstone_wall
95,minecraft:black_wool
96,minecraft:black_banner
97,minecraft:black_bed
98,minecraft:candle
99,minecraft:black_dye
100,minecraft:black_candle
101,minecraft:black_carpet
102,minecraft:sand
103,minecraft:gravel
104,minecraft:black_concrete_powder
105,minecraft:ink_sac
106,minecraft:wither_rose
107,minecraft:black_terracotta
108,minecraft:black_glazed_terracotta
109,minecraft:leather
110,minecraft:black_harness
111,minecraft:black_stained_glass
112,minecraft:black_stained_glass_pane
113,minecraft:glass_pane
114,minecraft:terracotta
115,minecraft:smooth_stone
116,minecraft:furnace
117,minecraft:blast_furnace
118,minecraft:blaze_rod
119,minecraft:blaze_powder
120,minecraft:blue_wool
121,minecraft:blue_banner
122,minecraft:blue_bed
123,minecraft:blue_dye
124,minecraft:blue_candle
125,minecraft:blue_carpet
126,minecraft:blue_concrete_powder
127,minecraft:lapis_lazuli
128,minecraft:cornflower
129,minecraft:blue_terracotta
130,minecraft:blue_glazed_terracotta
131,minecraft:blue_harness
132,minecraft:packed_ice
133,minecraft:blue_ice
134,minecraft:blue_stained_glass
135,minecraft:blue_stained_glass_pane
136,minecraft:diamond
137,minecraft:bone_meal
138,minecraft:bone_block
139,minecraft:bone
140,minecraft:paper
141,minecraft:book
142,minecraft:bookshelf
143,minecraft:vine
144,minecraft:bordure_indented_banner_pattern
145,minecraft:string
146,minecraft:bow
147,minecraft:wheat
148,minecraft:bread
149,#minecraft:stone_crafting_materials
150,minecraft:brewing_stand
151,minecraft:clay_ball
152,minecraft:brick
153,minecraft:bricks
154,minecraft:brick_slab
155,minecraft:brick_stairs
156,minecraft:brick_wall
157,minecraft:brown_wool
158,minecraft:brown_banner
159,minecraft:brown_bed
160,minecraft:brown_dye
161,minecraft:brown_candle
162,minecraft:brown_carpet
163,minecraft:brown_concrete_powder
164,minecraft:cocoa_beans
165,minecraft:brown_terracotta
166,minecraft:brown_glazed_terracotta
167,minecraft:brown_harness
168,minecraft:brown_stained_glass
169,minecraft:brown_stained_glass_pane
170,minecraft:copper_ingot
171,minecraft:brush
172,minecraft:bucket
173,minecraft:bundle
174,minecraft:milk_bucket
175,minecraft:sugar
176,#minecraft:eggs
177,minecraft:cake
178,minecraft:sculk_sensor
179,minecraft:calibrated_sculk_sensor
180,#minecraft:coals
181,#minecraft:logs
182,minecraft:campfire
183,minecraft:fishing_rod
184,minecraft:carrot
185,minecraft:carrot_on_a_stick
186,minecraft:cartography_table
187,minecraft:cauldron
188,#minecraft:logs_that_burn
189,minecraft:charcoal
190,minecraft:cherry_planks
191,minecraft:cherry_boat
192,minecraft:cherry_button
193,minecraft:cherry_chest_boat
194,minecraft:cherry_door
195,minecraft:cherry_fence
196,minecraft:cherry_fence_gate
197,minecraft:stripped_cherry_log
198,minecraft:cherry_hanging_sign
199,#minecraft:cherry_logs
200,minecraft:cherry_pressure_plate
201,minecraft:cherry_shelf
202,minecraft:cherry_sign
203,minecraft:cherry_slab
204,minecraft:cherry_stairs
205,minecraft:cherry_trapdoor
206,minecraft:cherry_log
207,minecraft:cherry_wood
208,minecraft:minecart
209,minecraft:chest_minecart
210,minecraft:chiseled_bookshelf
211,minecraft:cut_copper_slab
212,minecraft:chiseled_copper
213,minecraft:copper_block
214,minecraft:cut_copper
215,minecraft:cobbled_deepslate_slab
216,minecraft:chiseled_deepslate
217,minecraft:cobbled_deepslate
218,minecraft:nether_brick_slab
219,minecraft:chiseled_nether_bricks
220,minecraft:nether_bricks
221,minecraft:polished_blackstone_slab
222,minecraft:chiseled_polished_blackstone
223,minecraft:polished_blackstone
224,minecraft:quartz_slab
225,minecraft:chiseled_quartz_block
226,minecraft:quartz_block
227,minecraft:red_sandstone_slab
228,minecraft:chiseled_red_sandstone
229,minecraft:red_sandstone
230,minecraft:resin_brick_slab
231,minecraft:chiseled_resin_bricks
232,minecraft:resin_bricks
233,minecraft:sandstone_slab
234,minecraft:chiseled_sandstone
235,minecraft:sandstone
236,minecraft:stone_brick_slab
237,minecraft:chiseled_stone_bricks
238,minecraft:stone_bricks
239,minecraft:stone
240,minecraft:tuff_slab
241,minecraft:chiseled_tuff
242,minecraft:tuff_brick_slab
243,minecraft:chiseled_tuff_bricks
244,minecraft:polished_tuff
245,minecraft:tuff_bricks
246,minecraft:tuff
247,minecraft:clay
248,minecraft:gold_ingot
249,minecraft:redstone
250,minecraft:clock
251,minecraft:coal_block
252,minecraft:coal
253,minecraft:coal_ore
254,minecraft:deepslate_coal_ore
255,minecraft:dirt
256,minecraft:coarse_dirt
257,minecraft:coast_armor_trim_smithing_template
258,minecraft:cobbled_deepslate_stairs
259,minecraft:cobbled_deepslate_wall
260,minecraft:cobblestone_slab
261,minecraft:cobblestone_stairs
262,minecraft:cobblestone_wall
263,minecraft:quartz
264,minecraft:comparator
265,minecraft:compass
266,minecraft:composter
267,minecraft:nautilus_shell
268,minecraft:heart_of_the_sea
269,minecraft:conduit
270,minecraft:beef
271,minecraft:cooked_beef
272,minecraft:chicken
273,minecraft:cooked_chicken
274,minecraft:cod
275,minecraft:cooked_cod
276,minecraft:mutton
277,minecraft:cooked_mutton
278,minecraft:porkchop
279,minecraft:cooked_porkchop
280,minecraft:rabbit
281,minecraft:cooked_rabbit
282,minecraft:salmon
283,minecraft:cooked_salmon
284,minecraft:cookie
285,#minecraft:copper_tool_materials
286,minecraft:copper_axe
287,minecraft:copper_bars
288,minecraft:copper_boots
289,minecraft:copper_bulb
290,minecraft:copper_nugget
291,minecraft:copper_chain
292,minecraft:copper_chest
293,minecraft:copper_chestplate
294,minecraft:copper_door
295,minecraft:copper_grate
296,minecraft:copper_helmet
297,minecraft:copper_hoe
298,minecraft:copper_ore
299,minecraft:deepslate_copper_ore
300,minecraft:raw_copper
301,minecraft:waxed_copper_block
302,minecraft:copper_torch
303,minecraft:copper_lantern
304,minecraft:copper_leggings
305,minecraft:copper_pickaxe
306,minecraft:copper_shovel
307,minecraft:copper_spear
308,minecraft:copper_sword
309,minecraft:copper_trapdoor
310,minecraft:deepslate_bricks
311,minecraft:cracked_deepslate_bricks
312,minecraft:deepslate_tiles
313,minecraft:cracked_deepslate_tiles
314,minecraft:cracked_nether_bricks
315,minecraft:polished_blackstone_bricks
316,minecraft:cracked_polished_blackstone_bricks
317,minecraft:cracked_stone_bricks
318,minecraft:crafting_table
319,minecraft:dropper
320,minecraft:crafter
321,minecraft:pale_oak_log
322,minecraft:resin_block
323,minecraft:creaking_heart
324,minecraft:creeper_head
325,minecraft:creeper_banner_pattern
326,minecraft:crimson_planks
327,minecraft:crimson_button
328,minecraft:crimson_door
329,minecraft:crimson_fence
330,minecraft:crimson_fence_gate
331,minecraft:stripped_crimson_stem
332,minecraft:crimson_hanging_sign
333,minecraft:crimson_stem
334,minecraft:crimson_hyphae
335,#minecraft:crimson_stems
336,minecraft:crimson_pressure_plate
337,minecraft:crimson_shelf
338,minecraft:crimson_sign
339,minecraft:crimson_slab
340,minecraft:crimson_stairs
341,minecraft:crimson_trapdoor
342,minecraft:tripwire_hook
343,minecraft:crossbow
344,minecraft:cut_copper_stairs
345,minecraft:cut_red_sandstone
346,minecraft:cut_red_sandstone_slab
347,minecraft:cut_sandstone
348,minecraft:cut_sandstone_slab
349,minecraft:cyan_wool
350,minecraft:cyan_banner
351,minecraft:cyan_bed
352,minecraft:cyan_dye
353,minecraft:cyan_candle
354,minecraft:cyan_carpet
355,minecraft:cyan_concrete_powder
356,minecraft:green_dye
357,minecraft:pitcher_plant
358,minecraft:cyan_terracotta
359,minecraft:cyan_glazed_terracotta
360,minecraft:cyan_harness
361,minecraft:cyan_stained_glass
362,minecraft:cyan_stained_glass_pane
363,minecraft:dark_oak_planks
364,minecraft:dark_oak_boat
365,minecraft:dark_oak_button
366,minecraft:dark_oak_chest_boat
367,minecraft:dark_oak_door
368,minecraft:dark_oak_fence
369,minecraft:dark_oak_fence_gate
370,minecraft:stripped_dark_oak_log
371,minecraft:dark_oak_hanging_sign
372,#minecraft:dark_oak_logs
373,minecraft:dark_oak_pressure_plate
374,minecraft:dark_oak_shelf
375,minecraft:dark_oak_sign
376,minecraft:dark_oak_slab
377,minecraft:dark_oak_stairs
378,minecraft:dark_oak_trapdoor
379,minecraft:dark_oak_log
380,minecraft:dark_oak_wood
381,minecraft:prismarine_shard
382,minecraft:dark_prismarine
383,minecraft:dark_prismarine_slab
384,minecraft:dark_prismarine_stairs
385,minecraft:daylight_detector
386,minecraft:decorated_pot
387,minecraft:deepslate
388,minecraft:polished_deepslate
389,minecraft:deepslate_brick_slab
390,minecraft:deepslate_brick_stairs
391,minecraft:deepslate_brick_wall
392,minecraft:deepslate_tile_slab
393,minecraft:deepslate_tile_stairs
394,minecraft:deepslate_tile_wall
395,minecraft:stone_pressure_plate
396,minecraft:detector_rail
397,minecraft:diamond_block
398,#minecraft:diamond_tool_materials
399,minecraft:diamond_axe
400,minecraft:diamond_boots
401,minecraft:diamond_chestplate
402,minecraft:deepslate_diamond_ore
403,minecraft:diamond_ore
404,minecraft:diamond_helmet
405,minecraft:diamond_hoe
406,minecraft:diamond_leggings
407,minecraft:diamond_pickaxe
408,minecraft:diamond_shovel
409,minecraft:diamond_spear
410,minecraft:diamond_sword
411,minecraft:diorite_slab
412,minecraft:diorite_stairs
413,minecraft:diorite_wall
414,minecraft:dispenser
415,minecraft:ghast_tear
416,minecraft:soul_sand
417,minecraft:dried_ghast
418,minecraft:dried_kelp_block
419,minecraft:dried_kelp
420,minecraft:kelp
421,minecraft:pointed_dripstone
422,minecraft:dripstone_block
423,minecraft:dune_armor_trim_smithing_template
424,minecraft:gray_dye
425,minecraft:gray_bed
426,minecraft:gray_carpet
427,minecraft:gray_harness
428,minecraft:gray_wool
429,minecraft:green_bed
430,minecraft:green_carpet
431,minecraft:green_harness
432,minecraft:green_wool
433,minecraft:light_blue_dye
434,minecraft:light_blue_bed
435,minecraft:light_blue_carpet
436,minecraft:light_blue_harness
437,minecraft:light_blue_wool
438,minecraft:light_gray_dye
439,minecraft:light_gray_bed
440,minecraft:light_gray_carpet
441,minecraft:light_gray_harness
442,minecraft:light_gray_wool
443,minecraft:lime_dye
444,minecraft:lime_bed
445,minecraft:lime_carpet
446,minecraft:lime_harness
447,minecraft:lime_wool
448,minecraft:magenta_dye
449,minecraft:magenta_bed
450,minecraft:magenta_carpet
451,minecraft:magenta_harness
452,minecraft:magenta_wool
453,minecraft:orange_dye
454,minecraft:orange_bed
455,minecraft:orange_carpet
456,minecraft:orange_harness
457,minecraft:orange_wool
458,minecraft:pink_dye
459,minecraft:pink_bed
460,minecraft:pink_carpet
461,minecraft:pink_harness
462,minecraft:pink_wool
463,minecraft:purple_dye
464,minecraft:purple_bed
465,minecraft:purple_carpet
466,minecraft:purple_harness
467,minecraft:purple_wool
468,minecraft:red_dye
469,minecraft:red_bed
470,minecraft:red_carpet
471,minecraft:red_harness
472,minecraft:red_wool
473,minecraft:white_dye
474,minecraft:white_bed
475,minecraft:white_carpet
476,minecraft:white_harness
477,minecraft:white_wool
478,minecraft:yellow_dye
479,minecraft:yellow_bed
480,minecraft:yellow_carpet
481,minecraft:yellow_harness
482,minecraft:yellow_wool
483,minecraft:emerald_block
484,minecraft:emerald
485,minecraft:deepslate_emerald_ore
486,minecraft:emerald_ore
487,minecraft:enchanting_table
488,minecraft:ender_eye
489,minecraft:ender_chest
490,minecraft:ender_pearl
491,minecraft:end_crystal
492,minecraft:popped_chorus_fruit
493,minecraft:end_rod
494,minecraft:end_stone
495,minecraft:end_stone_bricks
496,minecraft:end_stone_brick_slab
497,minecraft:end_stone_brick_stairs
498,minecraft:end_stone_brick_wall
499,minecraft:exposed_cut_copper_slab
500,minecraft:exposed_chiseled_copper
501,minecraft:exposed_copper
502,minecraft:exposed_cut_copper
503,minecraft:exposed_copper_bulb
504,minecraft:exposed_copper_grate
505,minecraft:exposed_cut_copper_stairs
506,minecraft:eye_armor_trim_smithing_template
507,minecraft:spider_eye
508,minecraft:brown_mushroom
509,minecraft:fermented_spider_eye
510,minecraft:field_masoned_banner_pattern
511,minecraft:gunpowder
512,minecraft:firework_rocket
513,minecraft:fire_charge
514,minecraft:fletching_table
515,minecraft:flint_and_steel
516,minecraft:oxeye_daisy
517,minecraft:flower_banner_pattern
518,minecraft:flower_pot
519,minecraft:breeze_rod
520,minecraft:flow_armor_trim_smithing_template
521,minecraft:furnace_minecart
522,#minecraft:smelts_to_glass
523,minecraft:glass_bottle
524,minecraft:gold_nugget
525,minecraft:melon_slice
526,minecraft:glistering_melon_slice
527,minecraft:glowstone_dust
528,minecraft:glowstone
529,minecraft:item_frame
530,minecraft:glow_ink_sac
531,minecraft:glow_item_frame
532,minecraft:apple
533,minecraft:golden_apple
534,#minecraft:gold_tool_materials
535,minecraft:golden_axe
536,minecraft:golden_boots
537,minecraft:golden_carrot
538,minecraft:golden_chestplate
539,minecraft:golden_helmet
540,minecraft:golden_hoe
541,minecraft:golden_leggings
542,minecraft:golden_pickaxe
543,minecraft:golden_shovel
544,minecraft:golden_spear
545,minecraft:golden_sword
546,minecraft:gold_block
547,minecraft:deepslate_gold_ore
548,minecraft:gold_ore
549,minecraft:nether_gold_ore
550,minecraft:raw_gold
551,minecraft:granite
552,minecraft:granite_slab
553,minecraft:granite_stairs
554,minecraft:granite_wall
555,minecraft:gray_banner
556,minecraft:gray_candle
557,minecraft:gray_concrete_powder
558,minecraft:closed_eyeblossom
559,minecraft:gray_terracotta
560,minecraft:gray_glazed_terracotta
561,minecraft:gray_stained_glass
562,minecraft:gray_stained_glass_pane
563,minecraft:green_banner
564,minecraft:green_candle
565,minecraft:green_concrete_powder
566,minecraft:cactus
567,minecraft:green_terracotta
568,minecraft:green_glazed_terracotta
569,minecraft:green_stained_glass
570,minecraft:green_stained_glass_pane
571,minecraft:stone_slab
572,minecraft:grindstone
573,minecraft:hay_block
574,minecraft:heavy_weighted_pressure_plate
575,minecraft:honeycomb_block
576,minecraft:honey_bottle
577,minecraft:honey_block
578,minecraft:hopper
579,minecraft:hopper_minecart
580,minecraft:host_armor_trim_smithing_template
581,#minecraft:iron_tool_materials
582,minecraft:iron_axe
583,minecraft:iron_bars
584,minecraft:iron_block
585,minecraft:iron_boots
586,minecraft:iron_nugget
587,minecraft:iron_chestplate
588,minecraft:iron_door
589,minecraft:iron_helmet
590,minecraft:iron_hoe
591,minecraft:deepslate_iron_ore
592,minecraft:iron_ore
593,minecraft:raw_iron
594,minecraft:iron_leggings
595,minecraft:iron_pickaxe
596,minecraft:iron_shovel
597,minecraft:iron_spear
598,minecraft:iron_sword
599,minecraft:iron_trapdoor
600,minecraft:carved_pumpkin
601,minecraft:torch
602,minecraft:jack_o_lantern
603,minecraft:jukebox
604,minecraft:jungle_planks
605,minecraft:jungle_boat
606,minecraft:jungle_button
607,minecraft:jungle_chest_boat
608,minecraft:jungle_door
609,minecraft:jungle_fence
610,minecraft:jungle_fence_gate
611,minecraft:stripped_jungle_log
612,minecraft:jungle_hanging_sign
613,#minecraft:jungle_logs
614,minecraft:jungle_pressure_plate
615,minecraft:jungle_shelf
616,minecraft:jungle_sign
617,minecraft:jungle_slab
618,minecraft:jungle_stairs
619,minecraft:jungle_trapdoor
620,minecraft:jungle_log
621,minecraft:jungle_wood
622,minecraft:ladder
623,minecraft:lantern
624,minecraft:lapis_block
625,minecraft:deepslate_lapis_ore
626,minecraft:lapis_ore
627,minecraft:lead
628,#minecraft:leaves
629,minecraft:leaf_litter
630,minecraft:rabbit_hide
631,minecraft:leather_boots
632,minecraft:leather_chestplate
633,minecraft:leather_helmet
634,minecraft:leather_horse_armor
635,minecraft:leather_leggings
636,minecraft:lectern
637,minecraft:lever
638,minecraft:lightning_rod
639,minecraft:light_blue_banner
640,minecraft:light_blue_candle
641,minecraft:light_blue_concrete_powder
642,minecraft:blue_orchid
643,minecraft:light_blue_terracotta
644,minecraft:light_blue_glazed_terracotta
645,minecraft:light_blue_stained_glass
646,minecraft:light_blue_stained_glass_pane
647,minecraft:light_gray_banner
648,minecraft:light_gray_candle
649,minecraft:light_gray_concrete_powder
650,minecraft:azure_bluet
651,minecraft:white_tulip
652,minecraft:light_gray_terracotta
653,minecraft:light_gray_glazed_terracotta
654,minecraft:light_gray_stained_glass
655,minecraft:light_gray_stained_glass_pane
656,minecraft:light_weighted_pressure_plate
657,minecraft:lime_banner
658,minecraft:lime_candle
659,minecraft:lime_concrete_powder
660,minecraft:sea_pickle
661,minecraft:lime_terracotta
662,minecraft:lime_glazed_terracotta
663,minecraft:lime_stained_glass
664,minecraft:lime_stained_glass_pane
665,minecraft:lodestone
666,minecraft:loom
667,minecraft:heavy_core
668,minecraft:mace
669,minecraft:magenta_banner
670,minecraft:magenta_candle
671,minecraft:magenta_concrete_powder
672,minecraft:allium
673,minecraft:lilac
674,minecraft:magenta_terracotta
675,minecraft:magenta_glazed_terracotta
676,minecraft:magenta_stained_glass
677,minecraft:magenta_stained_glass_pane
678,minecraft:magma_cream
679,minecraft:magma_block
680,minecraft:slime_ball
681,minecraft:mangrove_planks
682,minecraft:mangrove_boat
683,minecraft:mangrove_button
684,minecraft:mangrove_chest_boat
685,minecraft:mangrove_door
686,minecraft:mangrove_fence
687,minecraft:mangrove_fence_gate
688,minecraft:stripped_mangrove_log
689,minecraft:mangrove_hanging_sign
690,#minecraft:mangrove_logs
691,minecraft:mangrove_pressure_plate
692,minecraft:mangrove_shelf
693,minecraft:mangrove_sign
694,minecraft:mangrove_slab
695,minecraft:mangrove_stairs
696,minecraft:mangrove_trapdoor
697,minecraft:mangrove_log
698,minecraft:mangrove_wood
699,minecraft:map
700,minecraft:melon
701,minecraft:melon_seeds
702,minecraft:enchanted_golden_apple
703,minecraft:mojang_banner_pattern
704,minecraft:moss_block
705,minecraft:mossy_cobblestone
706,minecraft:mossy_cobblestone_slab
707,minecraft:mossy_cobblestone_stairs
708,minecraft:mossy_cobblestone_wall
709,minecraft:mossy_stone_bricks
710,minecraft:mossy_stone_brick_slab
711,minecraft:mossy_stone_brick_stairs
712,minecraft:mossy_stone_brick_wall
713,minecraft:moss_carpet
714,minecraft:mud
715,minecraft:mangrove_roots
716,minecraft:muddy_mangrove_roots
717,minecraft:packed_mud
718,minecraft:mud_bricks
719,minecraft:mud_brick_slab
720,minecraft:mud_brick_stairs
721,minecraft:mud_brick_wall
722,minecraft:red_mushroom
723,minecraft:mushroom_stew
724,minecraft:disc_fragment_5
725,minecraft:music_disc_5
726,minecraft:netherite_ingot
727,minecraft:netherite_block
728,minecraft:netherite_scrap
729,minecraft:ancient_debris
730,minecraft:netherrack
731,minecraft:netherite_upgrade_smithing_template
732,minecraft:nether_brick
733,minecraft:nether_brick_fence
734,minecraft:nether_brick_stairs
735,minecraft:nether_brick_wall
736,minecraft:nether_wart
737,minecraft:nether_wart_block
738,minecraft:note_block
739,minecraft:oak_planks
740,minecraft:oak_boat
741,minecraft:oak_button
742,minecraft:oak_chest_boat
743,minecraft:oak_door
744,minecraft:oak_fence
745,minecraft:oak_fence_gate
746,minecraft:stripped_oak_log
747,minecraft:oak_hanging_sign
748,#minecraft:oak_logs
749,minecraft:oak_pressure_plate
750,minecraft:oak_shelf
751,minecraft:oak_sign
752,minecraft:oak_slab
753,minecraft:oak_stairs
754,minecraft:oak_trapdoor
755,minecraft:oak_log
756,minecraft:oak_wood
757,minecraft:observer
758,minecraft:orange_banner
759,minecraft:orange_candle
760,minecraft:orange_concrete_powder
761,minecraft:open_eyeblossom
762,minecraft:orange_tulip
763,minecraft:torchflower
764,minecraft:orange_terracotta
765,minecraft:orange_glazed_terracotta
766,minecraft:orange_stained_glass
767,minecraft:orange_stained_glass_pane
768,minecraft:oxidized_cut_copper_slab
769,minecraft:oxidized_chiseled_copper
770,minecraft:oxidized_copper
771,minecraft:oxidized_cut_copper
772,minecraft:oxidized_copper_bulb
773,minecraft:oxidized_copper_grate
774,minecraft:oxidized_cut_copper_stairs
775,minecraft:ice
776,#minecraft:wool
777,minecraft:painting
778,minecraft:pale_moss_block
779,minecraft:pale_moss_carpet
780,minecraft:pale_oak_planks
781,minecraft:pale_oak_boat
782,minecraft:pale_oak_button
783,minecraft:pale_oak_chest_boat
784,minecraft:pale_oak_door
785,minecraft:pale_oak_fence
786,minecraft:pale_oak_fence_gate
787,minecraft:stripped_pale_oak_log
788,minecraft:pale_oak_hanging_sign
789,#minecraft:pale_oak_logs
790,minecraft:pale_oak_pressure_plate
791,minecraft:pale_oak_shelf
792,minecraft:pale_oak_sign
793,minecraft:pale_oak_slab
794,minecraft:pale_oak_stairs
795,minecraft:pale_oak_trapdoor
796,minecraft:pale_oak_wood
797,minecraft:sugar_cane
798,minecraft:pink_banner
799,minecraft:pink_candle
800,minecraft:pink_concrete_powder
801,minecraft:cactus_flower
802,minecraft:peony
803,minecraft:pink_petals
804,minecraft:pink_tulip
805,minecraft:pink_terracotta
806,minecraft:pink_glazed_terracotta
807,minecraft:pink_stained_glass
808,minecraft:pink_stained_glass_pane
809,minecraft:piston
810,minecraft:polished_andesite
811,minecraft:polished_andesite_slab
812,minecraft:polished_andesite_stairs
813,minecraft:basalt
814,minecraft:polished_basalt
815,minecraft:polished_blackstone_brick_slab
816,minecraft:polished_blackstone_brick_stairs
817,minecraft:polished_blackstone_brick_wall
818,minecraft:polished_blackstone_button
819,minecraft:polished_blackstone_pressure_plate
820,minecraft:polished_blackstone_stairs
821,minecraft:polished_blackstone_wall
822,minecraft:polished_deepslate_slab
823,minecraft:polished_deepslate_stairs
824,minecraft:polished_deepslate_wall
825,minecraft:polished_diorite
826,minecraft:polished_diorite_slab
827,minecraft:polished_diorite_stairs
828,minecraft:polished_granite
829,minecraft:polished_granite_slab
830,minecraft:polished_granite_stairs
831,minecraft:polished_tuff_slab
832,minecraft:polished_tuff_stairs
833,minecraft:polished_tuff_wall
834,minecraft:chorus_fruit
835,minecraft:powered_rail
836,minecraft:prismarine
837,minecraft:prismarine_bricks
838,minecraft:prismarine_brick_slab
839,minecraft:prismarine_brick_stairs
840,minecraft:prismarine_slab
841,minecraft:prismarine_stairs
842,minecraft:prismarine_wall
843,minecraft:pumpkin
844,minecraft:pumpkin_pie
845,minecraft:pumpkin_seeds
846,minecraft:purple_banner
847,minecraft:purple_candle
848,minecraft:purple_concrete_powder
849,minecraft:purple_terracotta
850,minecraft:purple_glazed_terracotta
851,minecraft:purple_stained_glass
852,minecraft:purple_stained_glass_pane
853,minecraft:purpur_block
854,minecraft:purpur_slab
855,minecraft:purpur_pillar
856,minecraft:purpur_stairs
857,minecraft:nether_quartz_ore
858,minecraft:quartz_bricks
859,minecraft:quartz_pillar
860,minecraft:quartz_stairs
861,minecraft:rabbit_stew
862,minecraft:rail
863,minecraft:raiser_armor_trim_smithing_template
864,minecraft:raw_copper_block
865,minecraft:raw_gold_block
866,minecraft:raw_iron_block
867,minecraft:echo_shard
868,minecraft:recovery_compass
869,minecraft:redstone_block
870,minecraft:deepslate_redstone_ore
871,minecraft:redstone_ore
872,minecraft:redstone_lamp
873,minecraft:red_banner
874,minecraft:red_candle
875,minecraft:red_concrete_powder
876,minecraft:poppy
877,minecraft:rose_bush
878,minecraft:red_tulip
879,minecraft:red_terracotta
880,minecraft:red_glazed_terracotta
881,minecraft:red_nether_bricks
882,minecraft:red_nether_brick_slab
883,minecraft:red_nether_brick_stairs
884,minecraft:red_nether_brick_wall
885,minecraft:red_sand
886,minecraft:red_sandstone_stairs
887,minecraft:red_sandstone_wall
888,minecraft:red_stained_glass
889,minecraft:red_stained_glass_pane
890,minecraft:repeater
891,minecraft:resin_clump
892,minecraft:resin_brick
893,minecraft:resin_brick_stairs
894,minecraft:resin_brick_wall
895,minecraft:crying_obsidian
896,minecraft:respawn_anchor
897,minecraft:rib_armor_trim_smithing_template
898,minecraft:saddle
899,minecraft:sandstone_stairs
900,minecraft:sandstone_wall
901,minecraft:scaffolding
902,minecraft:prismarine_crystals
903,minecraft:sea_lantern
904,minecraft:sentry_armor_trim_smithing_template
905,minecraft:shaper_armor_trim_smithing_template
906,minecraft:shears
907,#minecraft:wooden_tool_materials
908,minecraft:shield
909,minecraft:shulker_shell
910,minecraft:shulker_box
911,minecraft:silence_armor_trim_smithing_template
912,minecraft:wither_skeleton_skull
913,minecraft:skull_banner_pattern
914,minecraft:slime_block
915,minecraft:smithing_table
916,minecraft:smoker
917,minecraft:smooth_basalt
918,minecraft:smooth_quartz
919,minecraft:smooth_quartz_slab
920,minecraft:smooth_quartz_stairs
921,minecraft:smooth_red_sandstone
922,minecraft:smooth_red_sandstone_slab
923,minecraft:smooth_red_sandstone_stairs
924,minecraft:smooth_sandstone
925,minecraft:smooth_sandstone_slab
926,minecraft:smooth_sandstone_stairs
927,minecraft:snout_armor_trim_smithing_template
928,minecraft:snow_block
929,minecraft:snow
930,minecraft:snowball
931,#minecraft:soul_fire_base_blocks
932,minecraft:soul_campfire
933,minecraft:soul_torch
934,minecraft:soul_lantern
935,minecraft:spectral_arrow
936,minecraft:spire_armor_trim_smithing_template
937,minecraft:wet_sponge
938,minecraft:sponge
939,minecraft:spruce_planks
940,minecraft:spruce_boat
941,minecraft:spruce_button
942,minecraft:spruce_chest_boat
943,minecraft:spruce_door
944,minecraft:spruce_fence
945,minecraft:spruce_fence_gate
946,minecraft:stripped_spruce_log
947,minecraft:spruce_hanging_sign
948,#minecraft:spruce_logs
949,minecraft:spruce_pressure_plate
950,minecraft:spruce_shelf
951,minecraft:spruce_sign
952,minecraft:spruce_slab
953,minecraft:spruce_stairs
954,minecraft:spruce_trapdoor
955,minecraft:spruce_log
956,minecraft:spruce_wood
957,minecraft:spyglass
958,minecraft:sticky_piston
959,minecraft:stonecutter
960,#minecraft:stone_tool_materials
961,minecraft:stone_axe
962,minecraft:stone_brick_stairs
963,minecraft:stone_brick_wall
964,minecraft:stone_button
965,minecraft:stone_hoe
966,minecraft:stone_pickaxe
967,minecraft:stone_shovel
968,minecraft:stone_spear
969,minecraft:stone_stairs
970,minecraft:stone_sword
971,minecraft:stripped_acacia_wood
972,minecraft:stripped_birch_wood
973,minecraft:stripped_cherry_wood
974,minecraft:stripped_crimson_hyphae
975,minecraft:stripped_dark_oak_wood
976,minecraft:stripped_jungle_wood
977,minecraft:stripped_mangrove_wood
978,minecraft:stripped_oak_wood
979,minecraft:stripped_pale_oak_wood
980,minecraft:stripped_spruce_wood
981,minecraft:stripped_warped_stem
982,minecraft:stripped_warped_hyphae
983,minecraft:suspicious_stew
984,minecraft:dandelion
985,minecraft:lily_of_the_valley
986,minecraft:target
987,minecraft:tide_armor_trim_smithing_template
988,minecraft:tinted_glass
989,minecraft:tnt
990,minecraft:tnt_minecart
991,minecraft:trapped_chest
992,minecraft:tuff_brick_stairs
993,minecraft:tuff_brick_wall
994,minecraft:tuff_stairs
995,minecraft:tuff_wall
996,minecraft:turtle_scute
997,minecraft:turtle_helmet
998,minecraft:vex_armor_trim_smithing_template
999,minecraft:ward_armor_trim_smithing_template
1000,minecraft:warped_planks
1001,minecraft:warped_button
1002,minecraft:warped_door
1003,minecraft:warped_fence
1004,minecraft:warped_fence_gate
1005,minecraft:warped_fungus
1006,minecraft:warped_fungus_on_a_stick
1007,minecraft:warped_hanging_sign
1008,minecraft:warped_stem
1009,minecraft:warped_hyphae
1010,#minecraft:warped_stems
1011,minecraft:warped_pressure_plate
1012,minecraft:warped_shelf
1013,minecraft:warped_sign
1014,minecraft:warped_slab
1015,minecraft:warped_stairs
1016,minecraft:warped_trapdoor
1017,minecraft:waxed_cut_copper_slab
1018,minecraft:waxed_chiseled_copper
1019,minecraft:waxed_cut_copper
1020,minecraft:waxed_copper_bars
1021,minecraft:waxed_copper_bulb
1022,minecraft:waxed_copper_chain
1023,minecraft:waxed_copper_chest
1024,minecraft:waxed_copper_door
1025,minecraft:copper_golem_statue
1026,minecraft:waxed_copper_golem_statue
1027,minecraft:waxed_copper_grate
1028,minecraft:waxed_copper_lantern
1029,minecraft:waxed_copper_trapdoor
1030,minecraft:waxed_cut_copper_stairs
1031,minecraft:waxed_exposed_cut_copper_slab
1032,minecraft:waxed_exposed_chiseled_copper
1033,minecraft:waxed_exposed_copper
1034,minecraft:waxed_exposed_cut_copper
1035,minecraft:exposed_copper_bars
1036,minecraft:waxed_exposed_copper_bars
1037,minecraft:waxed_exposed_copper_bulb
1038,minecraft:exposed_copper_chain
1039,minecraft:waxed_exposed_copper_chain
1040,minecraft:exposed_copper_chest
1041,minecraft:waxed_exposed_copper_chest
1042,minecraft:exposed_copper_door
1043,minecraft:waxed_exposed_copper_door
1044,minecraft:exposed_copper_golem_statue
1045,minecraft:waxed_exposed_copper_golem_statue
1046,minecraft:waxed_exposed_copper_grate
1047,minecraft:exposed_copper_lantern
1048,minecraft:waxed_exposed_copper_lantern
1049,minecraft:exposed_copper_trapdoor
1050,minecraft:waxed_exposed_copper_trapdoor
1051,minecraft:waxed_exposed_cut_copper_stairs
1052,minecraft:exposed_lightning_rod
1053,minecraft:waxed_exposed_lightning_rod
1054,minecraft:waxed_lightning_rod
1055,minecraft:waxed_oxidized_cut_copper_slab
1056,minecraft:waxed_oxidized_chiseled_copper
1057,minecraft:waxed_oxidized_copper
1058,minecraft:waxed_oxidized_cut_copper
1059,minecraft:oxidized_copper_bars
1060,minecraft:waxed_oxidized_copper_bars
1061,minecraft:waxed_oxidized_copper_bulb
1062,minecraft:oxidized_copper_chain
1063,minecraft:waxed_oxidized_copper_chain
1064,minecraft:oxidized_copper_chest
1065,minecraft:waxed_oxidized_copper_chest
1066,minecraft:oxidized_copper_door
1067,minecraft:waxed_oxidized_copper_door
1068,minecraft:oxidized_copper_golem_statue
1069,minecraft:waxed_oxidized_copper_golem_statue
1070,minecraft:waxed_oxidized_copper_grate
1071,minecraft:oxidized_copper_lantern
1072,minecraft:waxed_oxidized_copper_lantern
1073,minecraft:oxidized_copper_trapdoor
1074,minecraft:waxed_oxidized_copper_trapdoor
1075,minecraft:waxed_oxidized_cut_copper_stairs
1076,minecraft:oxidized_lightning_rod
1077,minecraft:waxed_oxidized_lightning_rod
1078,minecraft:waxed_weathered_cut_copper_slab
1079,minecraft:waxed_weathered_chiseled_copper
1080,minecraft:weathered_chiseled_copper
1081,minecraft:waxed_weathered_copper
1082,minecraft:waxed_weathered_cut_copper
1083,minecraft:weathered_copper_bars
1084,minecraft:waxed_weathered_copper_bars
1085,minecraft:waxed_weathered_copper_bulb
1086,minecraft:weathered_copper_bulb
1087,minecraft:weathered_copper_chain
1088,minecraft:waxed_weathered_copper_chain
1089,minecraft:weathered_copper_chest
1090,minecraft:waxed_weathered_copper_chest
1091,minecraft:weathered_copper_door
1092,minecraft:waxed_weathered_copper_door
1093,minecraft:weathered_copper
1094,minecraft:weathered_copper_golem_statue
1095,minecraft:waxed_weathered_copper_golem_statue
1096,minecraft:waxed_weathered_copper_grate
1097,minecraft:weathered_copper_grate
1098,minecraft:weathered_copper_lantern
1099,minecraft:waxed_weathered_copper_lantern
1100,minecraft:weathered_copper_trapdoor
1101,minecraft:waxed_weathered_copper_trapdoor
1102,minecraft:weathered_cut_copper
1103,minecraft:weathered_cut_copper_slab
1104,minecraft:waxed_weathered_cut_copper_stairs
1105,minecraft:weathered_cut_copper_stairs
1106,minecraft:weathered_lightning_rod
1107,minecraft:waxed_weathered_lightning_rod
1108,minecraft:wayfinder_armor_trim_smithing_template
1109,minecraft:white_banner
1110,minecraft:white_candle
1111,minecraft:white_concrete_powder
1112,minecraft:white_terracotta
1113,minecraft:white_glazed_terracotta
1114,minecraft:white_stained_glass
1115,minecraft:white_stained_glass_pane
1116,minecraft:wild_armor_trim_smithing_template
1117,minecraft:wind_charge
1118,minecraft:armadillo_scute
1119,minecraft:wolf_armor
1120,minecraft:wooden_axe
1121,minecraft:wooden_hoe
1122,minecraft:wooden_pickaxe
1123,minecraft:wooden_shovel
1124,minecraft:wooden_spear
1125,minecraft:wooden_sword
1126,minecraft:writable_book
1127,minecraft:yellow_banner
1128,minecraft:yellow_candle
1129,minecraft:yellow_concrete_powder
1130,minecraft:sunflower
1131,minecraft:wildflowers
1132,minecraft:yellow_terracotta
1133,minecraft:yellow_glazed_terracotta
1134,minecraft:yellow_stained_glass
1135,minecraft:yellow_stained_glass_pane
